{
  "hash": "cafab059",
  "configHash": "f239a945",
  "lockfileHash": "019295b7",
  "browserHash": "3b4a9540",
  "optimized": {
    "@angular/core": {
      "src": "../../../../../../node_modules/@angular/core/fesm2022/core.mjs",
      "file": "@angular_core.js",
      "fileHash": "c29fc7ab",
      "needsInterop": false
    },
    "@angular/platform-browser": {
      "src": "../../../../../../node_modules/@angular/platform-browser/fesm2022/platform-browser.mjs",
      "file": "@angular_platform-browser.js",
      "fileHash": "04e00101",
      "needsInterop": false
    },
    "@angular/router": {
      "src": "../../../../../../node_modules/@angular/router/fesm2022/router.mjs",
      "file": "@angular_router.js",
      "fileHash": "332799c2",
      "needsInterop": false
    },
    "@angular/common": {
      "src": "../../../../../../node_modules/@angular/common/fesm2022/common.mjs",
      "file": "@angular_common.js",
      "fileHash": "d03e073d",
      "needsInterop": false
    }
  },
  "chunks": {
    "chunk-DUVXK7QC": {
      "file": "chunk-DUVXK7QC.js"
    },
    "chunk-Y2U6TCU2": {
      "file": "chunk-Y2U6TCU2.js"
    },
    "chunk-KT3ROZER": {
      "file": "chunk-KT3ROZER.js"
    }
  }
}