{
  "hash": "11c9bdc1",
  "configHash": "40f25b92",
  "lockfileHash": "955d65ed",
  "browserHash": "4687fae9",
  "optimized": {
    "@angular/core": {
      "src": "../../../../../../node_modules/@angular/core/fesm2022/core.mjs",
      "file": "@angular_core.js",
      "fileHash": "f7d17971",
      "needsInterop": false
    },
    "@angular/platform-browser": {
      "src": "../../../../../../node_modules/@angular/platform-browser/fesm2022/platform-browser.mjs",
      "file": "@angular_platform-browser.js",
      "fileHash": "f9b99f94",
      "needsInterop": false
    },
    "@angular/router": {
      "src": "../../../../../../node_modules/@angular/router/fesm2022/router.mjs",
      "file": "@angular_router.js",
      "fileHash": "3b757174",
      "needsInterop": false
    }
  },
  "chunks": {
    "chunk-PNYTT2B3": {
      "file": "chunk-PNYTT2B3.js"
    },
    "chunk-KT3ROZER": {
      "file": "chunk-KT3ROZER.js"
    }
  }
}