{
  "hash": "4124f57a",
  "configHash": "1f8a89db",
  "lockfileHash": "8a4d9c07",
  "browserHash": "4d323879",
  "optimized": {
    "@angular/common": {
      "src": "../../../../../../node_modules/@angular/common/fesm2022/common.mjs",
      "file": "@angular_common.js",
      "fileHash": "7a89dd65",
      "needsInterop": false
    },
    "@angular/core": {
      "src": "../../../../../../node_modules/@angular/core/fesm2022/core.mjs",
      "file": "@angular_core.js",
      "fileHash": "cdd259b7",
      "needsInterop": false
    },
    "@angular/platform-browser": {
      "src": "../../../../../../node_modules/@angular/platform-browser/fesm2022/platform-browser.mjs",
      "file": "@angular_platform-browser.js",
      "fileHash": "4180f585",
      "needsInterop": false
    },
    "@angular/router": {
      "src": "../../../../../../node_modules/@angular/router/fesm2022/router.mjs",
      "file": "@angular_router.js",
      "fileHash": "529de46f",
      "needsInterop": false
    }
  },
  "chunks": {
    "chunk-76GYUIVX": {
      "file": "chunk-76GYUIVX.js"
    },
    "chunk-43MIBKBZ": {
      "file": "chunk-43MIBKBZ.js"
    },
    "chunk-UX4SMXDU": {
      "file": "chunk-UX4SMXDU.js"
    }
  }
}