{
  "hash": "34f519b1",
  "configHash": "14b0fe4d",
  "lockfileHash": "4007544c",
  "browserHash": "f26e88aa",
  "optimized": {
    "@angular/core": {
      "src": "../../../../../../node_modules/@angular/core/fesm2022/core.mjs",
      "file": "@angular_core.js",
      "fileHash": "f606411a",
      "needsInterop": false
    },
    "@angular/platform-browser": {
      "src": "../../../../../../node_modules/@angular/platform-browser/fesm2022/platform-browser.mjs",
      "file": "@angular_platform-browser.js",
      "fileHash": "9ee856f4",
      "needsInterop": false
    },
    "@angular/router": {
      "src": "../../../../../../node_modules/@angular/router/fesm2022/router.mjs",
      "file": "@angular_router.js",
      "fileHash": "d26a9aaf",
      "needsInterop": false
    },
    "@angular/forms": {
      "src": "../../../../../../node_modules/@angular/forms/fesm2022/forms.mjs",
      "file": "@angular_forms.js",
      "fileHash": "a77eb6f5",
      "needsInterop": false
    }
  },
  "chunks": {
    "chunk-GG7B7IAB": {
      "file": "chunk-GG7B7IAB.js"
    },
    "chunk-ETIW6Y7W": {
      "file": "chunk-ETIW6Y7W.js"
    },
    "chunk-LEHRZ7IK": {
      "file": "chunk-LEHRZ7IK.js"
    }
  }
}