{
  "hash": "43bdc2d5",
  "configHash": "f52666e8",
  "lockfileHash": "d10e6d70",
  "browserHash": "2aa2a9d6",
  "optimized": {
    "@angular/core": {
      "src": "../../../../../../node_modules/@angular/core/fesm2022/core.mjs",
      "file": "@angular_core.js",
      "fileHash": "8b260a7e",
      "needsInterop": false
    },
    "@angular/platform-browser": {
      "src": "../../../../../../node_modules/@angular/platform-browser/fesm2022/platform-browser.mjs",
      "file": "@angular_platform-browser.js",
      "fileHash": "bd92140a",
      "needsInterop": false
    },
    "@angular/router": {
      "src": "../../../../../../node_modules/@angular/router/fesm2022/router.mjs",
      "file": "@angular_router.js",
      "fileHash": "49440429",
      "needsInterop": false
    }
  },
  "chunks": {
    "chunk-KBKLZTRE": {
      "file": "chunk-KBKLZTRE.js"
    },
    "chunk-UHEQVDSS": {
      "file": "chunk-UHEQVDSS.js"
    }
  }
}