{
  "hash": "31fb407d",
  "configHash": "e90d610b",
  "lockfileHash": "2cbcb380",
  "browserHash": "16b9d05d",
  "optimized": {
    "@angular/core": {
      "src": "../../../../../../node_modules/@angular/core/fesm2022/core.mjs",
      "file": "@angular_core.js",
      "fileHash": "28a5ba75",
      "needsInterop": false
    },
    "@angular/platform-browser": {
      "src": "../../../../../../node_modules/@angular/platform-browser/fesm2022/platform-browser.mjs",
      "file": "@angular_platform-browser.js",
      "fileHash": "af84abaa",
      "needsInterop": false
    },
    "@angular/router": {
      "src": "../../../../../../node_modules/@angular/router/fesm2022/router.mjs",
      "file": "@angular_router.js",
      "fileHash": "124bf8e2",
      "needsInterop": false
    },
    "tslib": {
      "src": "../../../../../../node_modules/tslib/tslib.es6.mjs",
      "file": "tslib.js",
      "fileHash": "5c224015",
      "needsInterop": false
    }
  },
  "chunks": {
    "chunk-A7DEE3WY": {
      "file": "chunk-A7DEE3WY.js"
    },
    "chunk-SVKZT3IW": {
      "file": "chunk-SVKZT3IW.js"
    },
    "chunk-4FRP4S3T": {
      "file": "chunk-4FRP4S3T.js"
    }
  }
}