{
  "hash": "bee994bf",
  "configHash": "0641cc13",
  "lockfileHash": "956beaaa",
  "browserHash": "bd941a7b",
  "optimized": {
    "@angular/core": {
      "src": "../../../../../../node_modules/@angular/core/fesm2022/core.mjs",
      "file": "@angular_core.js",
      "fileHash": "cbb97b9e",
      "needsInterop": false
    },
    "@angular/platform-browser": {
      "src": "../../../../../../node_modules/@angular/platform-browser/fesm2022/platform-browser.mjs",
      "file": "@angular_platform-browser.js",
      "fileHash": "3c1eefac",
      "needsInterop": false
    },
    "@angular/router": {
      "src": "../../../../../../node_modules/@angular/router/fesm2022/router.mjs",
      "file": "@angular_router.js",
      "fileHash": "59bfef6c",
      "needsInterop": false
    },
    "@angular/common": {
      "src": "../../../../../../node_modules/@angular/common/fesm2022/common.mjs",
      "file": "@angular_common.js",
      "fileHash": "c04287c2",
      "needsInterop": false
    }
  },
  "chunks": {
    "chunk-76GYUIVX": {
      "file": "chunk-76GYUIVX.js"
    },
    "chunk-43MIBKBZ": {
      "file": "chunk-43MIBKBZ.js"
    },
    "chunk-UX4SMXDU": {
      "file": "chunk-UX4SMXDU.js"
    }
  }
}