{
  "hash": "a7c56e2a",
  "configHash": "e95150de",
  "lockfileHash": "b20884dd",
  "browserHash": "f59982ac",
  "optimized": {
    "@angular/common": {
      "src": "../../../../../../node_modules/@angular/common/fesm2022/common.mjs",
      "file": "@angular_common.js",
      "fileHash": "5246bb66",
      "needsInterop": false
    },
    "@angular/core": {
      "src": "../../../../../../node_modules/@angular/core/fesm2022/core.mjs",
      "file": "@angular_core.js",
      "fileHash": "0724eef4",
      "needsInterop": false
    },
    "@angular/forms": {
      "src": "../../../../../../node_modules/@angular/forms/fesm2022/forms.mjs",
      "file": "@angular_forms.js",
      "fileHash": "f34cd3c2",
      "needsInterop": false
    },
    "@angular/platform-browser": {
      "src": "../../../../../../node_modules/@angular/platform-browser/fesm2022/platform-browser.mjs",
      "file": "@angular_platform-browser.js",
      "fileHash": "8e24f621",
      "needsInterop": false
    },
    "@angular/router": {
      "src": "../../../../../../node_modules/@angular/router/fesm2022/router.mjs",
      "file": "@angular_router.js",
      "fileHash": "5099cb53",
      "needsInterop": false
    }
  },
  "chunks": {
    "chunk-UJTWSPMY": {
      "file": "chunk-UJTWSPMY.js"
    },
    "chunk-7VSUUCKJ": {
      "file": "chunk-7VSUUCKJ.js"
    },
    "chunk-UXJAXTXK": {
      "file": "chunk-UXJAXTXK.js"
    }
  }
}